/*
 Navicat MySQL Data Transfer

 Source Server         : localhost
 Source Server Type    : MySQL
 Source Server Version : 50718
 Source Host           : localhost
 Source Database       : leung

 Target Server Type    : MySQL
 Target Server Version : 50718
 File Encoding         : utf-8

 Date: 02/01/2018 20:35:18 PM
*/

SET NAMES utf8mb4;
SET FOREIGN_KEY_CHECKS = 0;

-- ----------------------------
--  Table structure for `content`
-- ----------------------------
DROP TABLE IF EXISTS `content`;
CREATE TABLE `content` (
  `id` int(9) NOT NULL AUTO_INCREMENT,
  `content` varchar(4096) CHARACTER SET utf8 COLLATE utf8_bin DEFAULT NULL COMMENT '评论内容',
  `score` varchar(9) DEFAULT NULL COMMENT '分数',
  `productId` int(9) DEFAULT NULL COMMENT '关联产品id',
  `userId` int(9) DEFAULT NULL COMMENT '关联user表',
  `createTime` timestamp NULL DEFAULT CURRENT_TIMESTAMP,
  `updateTime` timestamp NULL DEFAULT CURRENT_TIMESTAMP,
  PRIMARY KEY (`id`)
) ENGINE=InnoDB AUTO_INCREMENT=2 DEFAULT CHARSET=utf8;

-- ----------------------------
--  Records of `content`
-- ----------------------------
BEGIN;
INSERT INTO `content` VALUES ('1', '本书还是值得推荐一看的', '3', '103', '1', '2018-02-01 00:24:50', '2018-02-01 00:24:50');
COMMIT;

-- ----------------------------
--  Table structure for `order_base`
-- ----------------------------
DROP TABLE IF EXISTS `order_base`;
CREATE TABLE `order_base` (
  `id` int(9) NOT NULL AUTO_INCREMENT,
  `orderId` varchar(255) COLLATE utf8_bin DEFAULT NULL COMMENT '订单号',
  `userId` int(9) DEFAULT NULL COMMENT '关联userId表信息主键',
  `productId` int(9) DEFAULT NULL COMMENT '关联商品的id',
  `account` int(9) DEFAULT NULL COMMENT '购买的数量',
  `totalMoney` decimal(16,2) DEFAULT NULL COMMENT '购买金额',
  `address` varchar(255) COLLATE utf8_bin DEFAULT NULL COMMENT '联系地址',
  `linkName` varchar(255) COLLATE utf8_bin DEFAULT NULL COMMENT '联系人',
  `phone` varchar(255) COLLATE utf8_bin DEFAULT NULL COMMENT '购买手机号',
  `createTime` timestamp NULL DEFAULT CURRENT_TIMESTAMP,
  `updateTime` timestamp NULL DEFAULT CURRENT_TIMESTAMP ON UPDATE CURRENT_TIMESTAMP,
  PRIMARY KEY (`id`)
) ENGINE=InnoDB AUTO_INCREMENT=4 DEFAULT CHARSET=utf8 COLLATE=utf8_bin;

-- ----------------------------
--  Records of `order_base`
-- ----------------------------
BEGIN;
INSERT INTO `order_base` VALUES ('1', '2018013195031', '1', '103', '1', '45.00', '天津市河西区大沽南路1038号', '王元', '18753762342', '2018-01-31 22:00:06', '2018-01-31 22:00:06'), ('2', '2018013115421', '1', '1', '1', '76.90', '天津市河西区大沽南路', '王元', '18753762342', '2018-01-31 22:03:03', '2018-01-31 22:03:03'), ('3', '2018013162896', '2', '60', '1', '255.00', '天津市南开区', '张安', '15649872332', '2018-01-31 22:32:38', '2018-01-31 22:32:38');
COMMIT;

-- ----------------------------
--  Table structure for `product`
-- ----------------------------
DROP TABLE IF EXISTS `product`;
CREATE TABLE `product` (
  `id` int(9) NOT NULL AUTO_INCREMENT,
  `userId` int(9) DEFAULT NULL COMMENT '关联用户id',
  `productName` varchar(255) COLLATE utf8_bin DEFAULT NULL COMMENT '产品名称',
  `productIntro` varchar(255) COLLATE utf8_bin DEFAULT NULL COMMENT '产品简介',
  `tag` varchar(255) COLLATE utf8_bin DEFAULT NULL COMMENT '产品标签',
  `centPrice` decimal(16,2) DEFAULT NULL COMMENT '产品单价',
  `isShip` varchar(255) COLLATE utf8_bin DEFAULT NULL COMMENT '包邮(0-不包邮,1-包邮)',
  `scanAmount` int(9) DEFAULT NULL COMMENT '浏览量',
  `saleAmount` int(9) DEFAULT NULL COMMENT '销售量',
  `img` varchar(255) COLLATE utf8_bin DEFAULT NULL COMMENT '图片链接',
  `originPrice` decimal(16,2) DEFAULT NULL COMMENT '原价格',
  `activityPrice` decimal(16,2) DEFAULT NULL COMMENT '活动价格',
  `advPrice` decimal(16,2) DEFAULT NULL COMMENT '广告价',
  `productAmount` int(9) DEFAULT NULL COMMENT '产品数量(0-不限数量)',
  `score` double(3,2) DEFAULT NULL COMMENT '客户分数(默认值4.0'')',
  `createTime` timestamp NULL DEFAULT CURRENT_TIMESTAMP,
  `updateTime` timestamp NULL DEFAULT CURRENT_TIMESTAMP ON UPDATE CURRENT_TIMESTAMP,
  PRIMARY KEY (`id`)
) ENGINE=InnoDB AUTO_INCREMENT=104 DEFAULT CHARSET=utf8 COLLATE=utf8_bin;

-- ----------------------------
--  Records of `product`
-- ----------------------------
BEGIN;
INSERT INTO `product` VALUES ('1', '8', '正宗百年万隆酱麻鸭*2只 杭州特产酒饭店酱鸭老字号生鲜生制', '正宗地道 野生麻鸭 美味', '食品 / 酒 / 生鲜', '90.00', '1', '2327', '21', '39515d041dd84e92b405f867dbe2b194_dock.jpg', '90.00', '76.90', '800.00', '1999', '4.00', '2018-01-30 16:58:21', '2018-01-31 23:51:27'), ('2', '9', '潮香村红酒嫩肩牛排150g澳洲牛肉腌制微调理家庭儿童冷冻生鲜新鲜', '线下品牌 商超品质 正关肉源 值得信赖', '食品 / 酒 / 生鲜', '28.50', '1', '6573', '35', '04e29800611549c2bafe6efb1c98d039_fish.jpg', '28.50', '18.90', '200.00', '1000', '4.00', '2018-01-30 17:33:01', '2018-01-31 23:51:27'), ('3', '10', '法式焗蜗牛蒜香红酒烤蜗牛肉调味蜗牛生鲜食品白玉蜗牛肉24颗/盒', '24颗装法式蜗牛，蜗牛肉已经调至味道，直接装盘，微波炉或者烤箱烤制，即可享受法式蜗牛，产品为冷冻食品，保温材料包装，默认顺丰快递！', '食品 / 酒 / 生鲜', '50.00', '0', '3427', '344', 'eaa3b0f01a7e4e0599844bbcc755e5a8_niupai.jpg', '50.00', '48.00', '344.00', '150', '4.00', '2018-01-30 17:35:37', '2018-01-31 23:51:27'), ('4', '11', '【直营】+0刘嘉玲 意大利西西里黑达沃拉红酒', '西西里岛爱情之酒 品质保证 年轻派', '食品 / 酒 / 生鲜', '221.00', '1', '983', '232', '20ec2f6a1f3a4446ad8b3165123725aa_jiu.jpg', '221.00', '108.00', '0.00', '323', '4.00', '2018-01-30 17:40:38', '2018-01-31 23:51:27'), ('5', '12', '【买1箱得2箱】法国原瓶原装进口红酒 帕拉马干红葡萄酒 红酒整箱', '拍下送醒酒器1个+酒杯2个+酒具1套', '食品 / 酒 / 生鲜', '1494.00', '0', '9894', '4343', '2ae4217d901841d88db2f911d36b9a55_twojiu.jpg', '1494.00', '396.00', '1302.00', '432', '4.00', '2018-01-30 17:41:55', '2018-01-31 23:51:27'), ('6', '13', '红酒整箱6支装木盒法国卡诗图进口波尔多干红葡萄酒6瓶送木箱礼盒', '精美木盒送人，醒酒器+酒杯自用', '食品 / 酒 / 生鲜', '1588.00', '1', '853', '32', '76606327d5184202b1fa85d9fd0bb169_niajiu.jpg', '1588.00', '118.00', '962.00', '90', '4.00', '2018-01-30 17:45:52', '2018-01-31 23:51:27'), ('7', '14', '八帅海鲜礼盒大礼包1988型礼卡礼券提货券鲜活冷冻生鲜年货礼品', '默认发现货 如需礼券请联系客服备注', '食品 / 酒 / 生鲜', '1988.00', '1', '443', '654', 'ead31edcff724ede8daaba7da04c2228_haixian.jpg', '1988.00', '1287.00', '4420.00', '23', '4.00', '2018-01-30 17:49:49', '2018-02-01 10:01:46'), ('8', '15', '【送煎锅】澳洲生鲜家庭牛排13单片套餐团购新鲜肉菲力黑椒刀叉2', '臻品质 不忽悠', '食品 / 酒 / 生鲜', '260.00', '0', '890', '23', '4fcb23381ec74c8db2868155c706bfd7_fishnew.jpg', '260.00', '119.00', '334.00', '342', '4.00', '2018-01-30 17:51:18', '2018-01-31 23:51:27'), ('9', '16', '新西兰Greenlea西冷牛排150g*2', '自带弹韧肉筋，这口嚼劲很带感！', '食品 / 酒 / 生鲜', '39.80', '1', '348', '323', '5547f55d65164dedb062b016eddac944_rou.jpg', '39.80', '39.80', '0.00', '10000', '4.00', '2018-01-30 17:53:00', '2018-01-31 23:51:27'), ('10', '17', '蟹纳2888型东海舟山海鲜大礼包鲜活冷冻水产生鲜年货礼盒海鲜礼券', '买十送一 默认发礼卡 如需现货 联系客服', '食品 / 酒 / 生鲜', '2888.00', '0', '450', '45', '26be0f70677c46459ff292302ac648ed_fishlast.jpg', '2888.00', '998.00', '1210.00', '290', '4.00', '2018-01-30 17:55:33', '2018-01-31 23:51:27'), ('11', '18', '婴儿玩具0-3-6-12个月宝宝男女孩益智床铃摇铃0-1岁新生幼儿玩具', '精选材料 精工细作 带来 舒适体验', '母婴 / 玩具 / 童装', '169.00', '1', '472', '433', '4a866dc24cb64bd38b61e9f8e306ad5a_muying.jpg', '169.00', '79.00', '234.00', '8002', '4.00', '2018-01-30 17:57:35', '2018-01-31 23:51:27'), ('12', '19', '个性创意童装店贴纸母婴店玩具店橱窗玻璃装饰墙贴画推拉门贴花', '个性创意童装店贴纸母婴', '母婴 / 玩具 / 童装', '50.00', '1', '981', '764', '3842340aa3af4bccb65b03f188e3392b_heise.jpg', '50.00', '20.00', '320.00', '80', '4.00', '2018-01-30 17:59:47', '2018-02-01 09:45:55'), ('13', '20', '阿德曼妈咪包双肩背包妈咪包多功能大容量妈妈包母婴包宝妈外出行', '阿德曼出品 减龄配色 SGS环保检测', '母婴 / 玩具 / 童装', '499.00', '0', '3472', '90', 'fd4ab77ef37748a6a3056fff1209c95c_shubao.jpg', '499.00', '158.00', '970.00', '78', '4.00', '2018-01-30 18:03:02', '2018-01-31 23:51:27'), ('14', '21', '三美婴妈咪包多功能大容量双肩包女外出手提背包时尚妈妈包母婴包', '明星奶爸也在背的妈咪包', '母婴 / 玩具 / 童装', '480.00', '1', '899', '64', 'c33af92e116846acb6603bbb569d3694_shubao2.jpg', '480.00', '189.00', '346.00', '23', '4.00', '2018-01-30 18:04:14', '2018-01-31 23:51:27'), ('15', '22', '婴儿童早教幼儿益智力开发宝宝玩具1-2-3周岁0-4岁半男孩小女孩子', '实木打地鼠 耐玩 可爱环保 动手训练', '母婴 / 玩具 / 童装', '120.00', '0', '4937', '342', 'b1ebc0c0b3ee4f41910fbddecdee8e29_wanju1.jpg', '120.00', '88.00', '960.00', '26', '4.00', '2018-01-30 18:05:27', '2018-01-31 23:51:27'), ('16', '23', '抱抱熊大熊毛绒玩具送女友2米女生可爱萌韩国娃娃公仔睡觉抱女孩', '送女友2米女生可爱萌韩国娃娃公仔睡觉抱女孩', '母婴 / 玩具 / 童装', '234.00', '1', '4307', '638', '614f39ddcc044c42805cc5b7e77d83fa_girlxiong.jpg', '234.00', '158.00', '590.00', '46', '4.00', '2018-01-30 18:08:15', '2018-02-01 10:15:54'), ('17', '24', '韩国童装Jelispoon吉哩熊春款秋款女童套装雪花蕾丝两件套', '女童套装雪花蕾丝两件套JWQGSE03', '母婴 / 玩具 / 童装', '349.00', '1', '536', '243', '7d687c1b6a1742818d74220143545348_tongzhuang.jpg', '349.00', '139.00', '365.00', '89', '4.00', '2018-01-31 08:15:22', '2018-01-31 23:51:27'), ('18', '25', '爱西娜2017秋冬童装男童马甲中小童宝宝背心儿童保暖休闲外套', '细腻羊羔绒 内里 温暖帅气', '母婴 / 玩具 / 童装', '208.00', '1', '890', '293', 'dfec0bfe711a4bdb979424b033bd12d2_tz2.jpg', '208.00', '178.00', '2139.00', '23', '4.00', '2018-01-31 08:16:32', '2018-01-31 23:51:27'), ('19', '26', '童装男童外套冬装2017棉袄儿童冲锋衣中大童棉衣加厚两件套三合一', '童依源正品 防风防水 保暧效果好!', '母婴 / 玩具 / 童装', '298.00', '1', '4367', '234', 'ba5df0d4efa343f68b03d4d9be9ba8ec_tz3.jpg', '298.00', '129.00', '990.00', '34', '4.00', '2018-01-31 08:17:30', '2018-01-31 23:51:27'), ('20', '8', '女童毛呢外套2017新款冬装加厚中长款韩版呢子大衣公主童装洋气潮', '时尚拼色 加棉加厚 洋气', '母婴 / 玩具 / 童装', '398.00', '0', '2476', '492', '2458d55040b4448bb901bbd3436e6b23_tz4.jpg', '398.00', '139.00', '666.00', '23', '4.00', '2018-01-31 08:18:34', '2018-02-01 09:46:44'), ('21', '9', '波奇网宠物狗狗用品吸水垫宠物尿片除臭兔子尿垫狗尿不湿猫垫尿片', 'S:100片M:50片L:40片XL20', '宠物 / 纸巾 / 厨卫清洁', '40.00', '1', '2317', '239', 'dc547b7abcef4e97867117a31bf964b1_cw1.jpg', '40.00', '16.90', '432.00', '90', '4.00', '2018-01-31 08:22:42', '2018-01-31 23:51:27'), ('22', '10', '泰迪狗窝可拆洗冬季宠物垫子大型中型小型犬比熊金毛狗狗屋用品床', '耐磨耐咬 可拆洗 领券减3元', '宠物 / 纸巾 / 厨卫清洁', '198.00', '0', '3982', '232', 'f3b4a5cdf08f4247bb489f21c41f8b75_cw2.jpg', '198.00', '119.00', '0.00', '27', '4.00', '2018-01-31 08:23:36', '2018-01-31 23:51:27'), ('23', '11', '猫咪电动饮水机宠物饮水器猫喝水器自动循环狗狗喂水器饮水碗用品', '收藏送玩具和过滤棉 循环过滤 活氧饮水', '宠物 / 纸巾 / 厨卫清洁', '150.00', '1', '3088', '492', '61251294ed8a4c76a34135267831afd6_cw3.jpg', '150.00', '138.00', '0.00', '89', '4.00', '2018-01-31 08:24:29', '2018-02-01 09:48:54'), ('24', '12', '诺比瑞狗狗用品尿片竹炭S100片宠物尿垫除臭猫泰迪尿不湿尿布包邮', 'S100片M50片L40片XL20片', '宠物 / 纸巾 / 厨卫清洁', '58.00', '0', '489', '87', '640d4aa616b344c2b538675050c344c6_cw4.jpg', '58.00', '36.90', '0.00', '45', '4.00', '2018-01-31 08:25:30', '2018-01-31 23:51:27'), ('25', '13', '鸥露竹纤维本色抽纸原浆纸巾不漂白竹浆卫生纸母婴抽纸130抽*18包', '天然抑菌，无尘无屑、柔软亲肤，母婴适用', '宠物 / 纸巾 / 厨卫清洁', '177.00', '1', '239', '9', '49bb13afd0084833b43b842aa81b8c0e_zj1.jpg', '177.00', '74.90', '346.00', '6775', '4.00', '2018-01-31 08:26:37', '2018-01-31 23:51:27'), ('26', '14', '清风卷纸原木金装4层160克24卷整箱卷筒纸家用卫生纸巾', '高端之选 全新四层 足足160克 整箱装', '宠物 / 纸巾 / 厨卫清洁', '49.90', '1', '439', '34', '29b6088f40c54c81bbafdad818c7649c_zj2.jpg', '49.90', '49.90', '3155.00', '23432', '4.00', '2018-01-31 08:27:30', '2018-01-31 23:51:27'), ('27', '15', '加量装清风抽纸原木纯品3层120抽30包中规格卫生纸家用面纸巾整箱', '2层升级3层 24+6包 加量不加价', '宠物 / 纸巾 / 厨卫清洁', '59.90', '1', '947', '38', 'e3469189e9414fe3ad2809cbc0bfb129_zj3.jpg', '59.90', '59.90', '295.00', '3433', '4.00', '2018-01-31 08:28:19', '2018-01-31 23:51:27'), ('28', '16', '威猛先生厨房重油污净洁厕液剂油烟机清洗剂去污厨卫清洁4件', '全天猫实物商品通用', '宠物 / 纸巾 / 厨卫清洁', '69.00', '1', '7994', '230', '2426600b80114120bfac70498e78ac2b_cf1.jpg', '69.00', '28.90', '486.00', '4556', '4.00', '2018-01-31 08:30:36', '2018-01-31 23:51:27'), ('29', '17', '威猛先生洁厕液 厨房重油污净油烟机清洗剂 强力去油污垢厨卫清洁', '重油污净+清香型洁厕剂 厨卫清洁', '宠物 / 纸巾 / 厨卫清洁', '59.00', '1', '3482', '392', '37543592b369430f927893508ba86f54_cf2.jpg', '59.00', '18.00', '469.00', '2342', '4.00', '2018-01-31 08:32:45', '2018-01-31 23:51:27'), ('30', '18', '威猛先生厨房重油污净1340g+清香洁厕液2瓶家用厨卫除垢清洁套装', '重油污1瓶2袋+2瓶洁厕液厨房去油+洁厕', '宠物 / 纸巾 / 厨卫清洁', '45.00', '1', '693', '31', 'f22ba21059c743808a692ebc6cf890b2_cf3.jpg', '45.00', '32.30', '852.00', '3454', '4.00', '2018-01-31 08:33:41', '2018-01-31 23:51:27'), ('31', '19', '葱郁世界 现代绿植创意龟背竹装饰画相框画饭厅挂画餐厅墙面壁画', '这温柔似流光赐予了力量与智慧', '家居 / 家纺 / 家装', '298.00', '0', '863', '32', 'cb446159243c4f6a961647126a82f0fa_jj1.jpg', '298.00', '169.00', '0.00', '2434', '4.00', '2018-01-31 08:35:48', '2018-01-31 23:51:27'), ('32', '20', '冬季男士棉拖鞋室内居家保暖厚底防滑月子鞋家居情侣冬天拖鞋女冬', '清新条纹款，一家人都能穿的拖鞋', '家居 / 家纺 / 家装', '58.00', '1', '492', '58', 'b6d7a6ae41ae47dba07e2d92acd97273_jj2.jpg', '58.00', '27.80', '352.00', '2433', '4.00', '2018-01-31 08:37:00', '2018-01-31 23:51:27'), ('33', '21', '风水阁开光八卦纯铜葫芦摆件五帝钱风水小挂件摆件客厅装饰品礼物', '纯铜打造 风水吉祥物 开运锦囊', '家居 / 家纺 / 家装', '390.00', '1', '984', '237', 'd09ff390fc7e4230963ad14891b6b1d1_jj3.jpg', '390.00', '156.00', '984.00', '3432', '4.00', '2018-01-31 08:38:11', '2018-01-31 23:51:27'), ('34', '22', '火轮情侣居家浴室洗澡凉拖鞋夏季男女室内塑料软底夏家居防滑拖鞋', '柔软舒适 居家浴室 防滑拖鞋', '家居 / 家纺 / 家装', '29.80', '1', '13285', '863', '0e966f3cb7934a68a9c0420a13b1e24c_jj4.jpg', '29.80', '16.90', '429.00', '367787', '4.00', '2018-01-31 08:39:09', '2018-01-31 23:51:27'), ('35', '23', 'lovo家纺罗莱生活出品床上用品水洗棉四件套特价全棉4件套被套', '天然水洗棉 抗皱免熨烫 细腻亲肤', '家居 / 家纺 / 家装', '1398.00', '1', '3429', '573', 'f4f2581d11204b2395910e804aca5021_jf1.jpg', '1398.00', '499.00', '873.00', '865', '4.00', '2018-01-31 08:40:52', '2018-01-31 23:51:27'), ('36', '24', '水星家纺磨毛四件套全棉纯棉加厚被套床单床上四件套双人1.8米床', '全棉磨毛 加厚保暖', '家居 / 家纺 / 家装', '2399.00', '1', '4334', '237', '59c175c90396464fa0f9ecdded2daf4b_jf2.jpg', '2399.00', '499.00', '3221.00', '787', '4.00', '2018-01-31 08:41:53', '2018-01-31 23:51:27'), ('37', '25', '水星家纺婚庆四件套大红结婚床单被套四件套公主风1.8m床牡丹颂', '婚庆套件 送靠垫套2只', '家居 / 家纺 / 家装', '1745.00', '0', '9748', '594', 'e40ed387d6e041889d86b64f0be32fb6_jf3.jpg', '1745.00', '599.00', '689.00', '564', '4.00', '2018-01-31 08:42:53', '2018-01-31 23:51:27'), ('38', '26', '泥巴公社别墅新房家装全包装修设计效果图室内房屋整装服务公司', '抢年末最终优惠 专业与质量定不打折', '家居 / 家纺 / 家装', '8000.00', '1', '75298', '7954', '4128a2d9bcc64069a5f77726d1a1435c_jz1.jpg', '8000.00', '5000.00', '734.00', '7564', '4.00', '2018-01-31 08:44:18', '2018-02-01 09:47:18'), ('39', '8', '觅糖装饰新房全包装修公司室内婚房家装设计整装家庭装修施工服务', '烦恼省心昂贵实惠高端朴素都是我', '家居 / 家纺 / 家装', '4000.00', '1', '4323', '235', '2a8fb75c42ca4ae7bcb2e4efd986a3ff_jz2.jpg', '4000.00', '2000.00', '346.00', '400', '4.00', '2018-01-31 08:45:42', '2018-01-31 23:51:27'), ('40', '9', '泥巴公社新房全案家装全屋整装施工全包半包房屋室内装修服务公司', '全包装修 全屋整装 拎包入住 特权定金', '家居 / 家纺 / 家装', '88.00', '0', '4024', '433', '2027bc89ee8649fea1ee6851dc22b677_jz3.jpg', '88.00', '22.00', '479.00', '676', '4.00', '2018-01-31 08:46:52', '2018-01-31 23:51:27'), ('41', '10', '化妆品套装彩妆全套初学者组合防水持久生活淡妆学生自然新手美妆', '化妆品套装彩妆全套初学者组合防水持久生活淡妆学生自然新手美妆', '美妆个人清洁', '318.00', '1', '9863', '843', 'c39ab3fabe06460fa711e9308775a7dd_mz1.jpg', '318.00', '219.00', '461.00', '35', '4.00', '2018-01-31 08:48:11', '2018-01-31 23:51:27'), ('42', '11', '草木之心彩妆套装全套美妆化妆品学生初学者新手淡妆自然组合正品', '保湿隔离 提亮肤色 清透裸妆', '美妆个人清洁', '415.00', '0', '6843', '347', '684b38a867734f0cb7354b92c6b50322_mz2.jpg', '415.00', '149.00', '520.00', '364', '4.00', '2018-01-31 08:49:03', '2018-01-31 23:51:27'), ('43', '12', 'Cerro Qreen化妆套刷美妆工具全套刷子化妆套装化妆刷套装眼影刷', '初学者套刷赔钱赚人气 刷毛柔软 抓粉轻松', '美妆个人清洁', '88.00', '1', '8647', '438', 'c7e2bf3a80414fd0b82c3c449ab3ebf5_mz3.jpg', '88.00', '38.90', '439.00', '676', '4.00', '2018-01-31 08:51:54', '2018-01-31 23:51:27'), ('44', '13', '中古修指甲刀套装美甲个人清洁护理工具家用便携成人指甲屑防飞溅', '指甲剪带甲屑不飞溅防溅套', '美妆个人清洁', '128.00', '1', '7236', '248', '40822e8f607f40c7826bcfd7839dff4e_mz4.jpg', '128.00', '39.80', '531.00', '673', '4.00', '2018-01-31 08:53:49', '2018-01-31 23:51:27'), ('45', '20', '大卫拖把桶旋转四驱动免手洗拖布桶拖地自动甩干墩布拓扑家用托把', '天猫会场 镇店之宝 获红星奖', '美妆个人清洁', '518.00', '1', '678', '63', 'b1d19109fc13451a8fa7203b265a4859_mz5.jpg', '518.00', '252.00', '904.00', '976', '4.00', '2018-01-31 08:55:36', '2018-01-31 23:51:27'), ('46', '14', '2018职业装女装套装时尚西装连衣裙ol气质工作服女春秋正装套装裙', '2018春秋季 新款套装 职业装连衣裙', '女装 / 男装 / 内衣 / 珠宝', '716.00', '1', '472', '17', '4102a8aff74b408fb4bf60ee917afcdc_nz1.jpg', '716.00', '322.00', '348.00', '78', '4.00', '2018-01-31 08:57:05', '2018-01-31 23:51:27'), ('47', '15', '毛衣裙2017秋冬长袖立领修身开叉中长款纯色过膝针织连衣裙加厚', '加厚，加长，颜色多，减龄百搭，遮肚子', '女装 / 男装 / 内衣 / 珠宝', '613.00', '1', '8623', '327', '83bfe32ece38466b97af158bc78242a2_nz2.jpg', '613.00', '319.00', '2120.00', '653', '4.00', '2018-01-31 08:58:05', '2018-01-31 23:51:27'), ('48', '16', 'Koradior/珂莱蒂尔品牌女装2018春装新款红色时尚气质针织连衣裙', '红色	时尚	气质	针织	连衣裙', '女装 / 男装 / 内衣 / 珠宝', '2887.00', '0', '6804', '134', '42e5a27f6321499eba9aca6289cb46a1_nz3.jpg', '2887.00', '1168.00', '342.00', '34', '4.00', '2018-01-31 08:58:56', '2018-01-31 23:51:27'), ('49', '17', '冬季加厚羽绒服男中长款帅气学生韩版修身款过膝潮流青年男款外套', '最后50名399元 90％白鸭绒库存有限', '女装 / 男装 / 内衣 / 珠宝', '998.00', '1', '4983', '238', 'beeea3031dcf448fab28dadf9943cd3e_nnz1.jpg', '998.00', '559.00', '1230.00', '23', '4.00', '2018-01-31 09:01:45', '2018-01-31 23:51:27'), ('50', '18', '男士外套冬季2017新款个性潮男加绒加厚秋冬呢子大衣中长款风衣男', '收藏加购优先发货送高品质围巾', '女装 / 男装 / 内衣 / 珠宝', '288.00', '1', '9862', '235', '1eac1cda90334a5ab11f73e2dd8d0cd9_nn2.jpg', '288.00', '218.00', '2031.00', '43', '4.00', '2018-01-31 09:03:07', '2018-01-31 23:51:27'), ('51', '19', '男士外套秋季韩版潮流修身学生帅气衣服春秋男装加厚休闲夹克冬季', '收藏、加入购物车、优先发货！包邮赠运费险', '女装 / 男装 / 内衣 / 珠宝', '298.00', '1', '3992', '238', '1f73e6139d5b43d6b186de501e6de9b5_nnz3.jpg', '298.00', '158.00', '865.00', '47', '4.00', '2018-01-31 09:04:06', '2018-01-31 23:51:27'), ('52', '21', '南极人纯棉秋衣秋裤男士圆领棉毛衫青年全棉薄款保暖内衣套装冬季', '买一送一 100%纯棉套装', '女装 / 男装 / 内衣 / 珠宝', '197.00', '1', '3408', '239', '38500552406c4299ad93b0e275bed58d_ny1.jpg', '197.00', '99.00', '625.00', '45', '4.00', '2018-01-31 09:05:36', '2018-01-31 23:51:27'), ('53', '22', '波司登保暖内衣男加绒加厚冬季青年情侣保暖衣套装男士秋衣秋裤女', '暖柔密绒保暖内衣', '女装 / 男装 / 内衣 / 珠宝', '398.00', '0', '4328', '385', '849819d1273046539321a5a139ca8be1_ny2.jpg', '398.00', '99.00', '258.00', '654', '4.00', '2018-01-31 09:06:36', '2018-01-31 23:51:27'), ('54', '23', '南极人秋衣秋裤女薄款 棉毛衫紧身学生保暖内衣女 打底秋衣女套装', '送运费险，两套99元，性感保暖', '女装 / 男装 / 内衣 / 珠宝', '169.00', '1', '9780', '34', '1dbac8f3d7c947a7ad21bd77a8665e26_ny3.jpg', '169.00', '99.00', '536.00', '34', '4.00', '2018-01-31 09:07:30', '2018-01-31 23:51:27'), ('55', '24', '莱绅通灵珠宝 求婚结婚订婚 正品群镶定制钻石女戒 王妃婚戒耀世', '唐嫣推荐 6期免息', '女装 / 男装 / 内衣 / 珠宝', '120000.00', '1', '3283', '438', 'd6c4fd751e5b4d74a2ba1e1fdae1462e_zb1.jpg', '120000.00', '108000.00', '3378.00', '23', '4.00', '2018-01-31 09:08:58', '2018-01-31 23:51:27'), ('56', '25', '六福珠宝黄金项链女百搭款满天星足金项链金素链计价B01TBGN0009', '经典设计 简约百搭 犹如满天星星', '女装 / 男装 / 内衣 / 珠宝', '1348.00', '1', '9043', '342', 'd011f21257634df0a790e0457d27a5db_zb2.jpg', '1348.00', '1306.00', '244.00', '34', '4.00', '2018-01-31 09:20:17', '2018-01-31 23:51:27'), ('57', '26', '周大生黄金绞丝项链女粗款足金999素链锁骨链金链子珠宝首饰计价', '大克重粗版，43cm/45cm可选', '女装 / 男装 / 内衣 / 珠宝', '1531.42', '1', '9340', '347', '92eb163c986e43b7aef987384f5d9dd5_zb3.jpg', '1531.42', '1531.42', '743.00', '23', '4.00', '2018-01-31 09:21:08', '2018-01-31 23:51:27'), ('58', '8', '春秋系带韩版时尚真皮复古马丁靴子男士厚底潮流短靴男靴皮靴棉靴', '有加绒款 也有不加绒款', '鞋靴 / 箱包 / 运动户外', '500.00', '0', '9790', '654', 'f8e4c146806a49edb32c6d0b8b3967e5_xx1.jpg', '500.00', '258.00', '346.00', '43', '4.00', '2018-01-31 09:22:24', '2018-01-31 23:51:27'), ('59', '9', '冬季中邦马丁靴男士短靴英伦潮流皮面雪地靴冬天保暖加绒棉鞋复古', '冬季中邦马丁靴男士短靴英伦潮流皮面雪地靴冬天保暖加绒棉鞋复古', '鞋靴 / 箱包 / 运动户外', '278.00', '1', '2398', '47', '9e1e7de1c9fc466fab5b790c044b76ad_xx2.jpg', '278.00', '148.00', '3092.00', '43', '4.00', '2018-01-31 09:38:51', '2018-01-31 23:51:27'), ('60', '10', '欧琦蔓2017秋冬新款原创休闲加绒真皮短靴女时尚毛线女鞋靴06005', '★头层牛皮★手工制作★舒适透气', '鞋靴 / 箱包 / 运动户外', '498.00', '1', '9875', '367', 'bfed7efc279e4125893eb6d316381223_xx3.jpg', '498.00', '255.00', '398.00', '31', '4.00', '2018-01-31 09:42:52', '2018-01-31 23:51:27'), ('61', '11', '马丁靴男冬季靴子英伦男鞋短靴青年中帮冬天加绒保暖棉鞋高邦男靴', '狂欢继续︱领券立减︱优先发货', '鞋靴 / 箱包 / 运动户外', '228.00', '0', '1298', '82', 'a40697a4ba6d48f0b331569ee2410f62_xx4.jpg', '228.00', '128.00', '634.00', '23', '4.00', '2018-01-31 09:47:22', '2018-01-31 23:51:27'), ('62', '12', '行李箱女韩版24寸万向轮学生拉杆箱小清新男20寸密码箱子旅行箱包', '早买早优惠 早买早享受', '鞋靴 / 箱包 / 运动户外', '578.00', '1', '3483', '753', '4c5c99de7b8e4b408a0ebf834a21fe6d_xb1.jpg', '578.00', '278.00', '462.00', '32', '4.00', '2018-01-31 09:49:53', '2018-02-01 09:03:00'), ('63', '13', '蒙特布朗拉杆箱万向轮男女行李箱包20登机旅行皮箱密码箱子24寸28', '镇店之宝 买一送三 终身保修 高性价比', '鞋靴 / 箱包 / 运动户外', '836.00', '1', '4387', '345', 'b0aeaead27f747c59757a94b0ce135a9_xb2.jpg', '836.00', '378.00', '783.00', '65', '4.00', '2018-01-31 09:50:49', '2018-01-31 23:51:27'), ('64', '14', '北爱旅行箱万向轮拉杆箱行李箱女男20密码箱包24寸学生28皮箱子', '北爱旅行箱万向轮拉杆箱行李箱女男20密码箱包24寸学生28皮箱子', '鞋靴 / 箱包 / 运动户外', '598.00', '1', '7993', '543', '28ffb56e753a47c190be51752de812b7_xb3.jpg', '598.00', '299.00', '782.00', '653', '4.00', '2018-01-31 09:51:47', '2018-01-31 23:51:27'), ('65', '15', '安踏卫衣男装 2018春季新款运动卫衣男 旗舰店正品圆领套头衫男潮', '经典大LOGO款，时尚百搭', '鞋靴 / 箱包 / 运动户外', '219.00', '0', '10043', '547', '5d241c1d91954f02bede8c8a4dee80f6_yd1.jpg', '219.00', '109.00', '0.00', '43', '4.00', '2018-01-31 09:56:16', '2018-01-31 23:51:27'), ('66', '16', '【热销4万】骆驼运动鞋男 减震耐磨跑步鞋休闲鞋轻便时尚跑鞋女', '拍下立减50 29号10点开抢', '鞋靴 / 箱包 / 运动户外', '318.00', '1', '10734', '348', 'f37991a50483448b918b5fbd078de91a_yd2.jpg', '318.00', '158.00', '0.00', '23', '4.00', '2018-01-31 09:57:42', '2018-01-31 23:51:27'), ('67', '17', '花花公子男鞋男士透气网鞋网面运动鞋男冬季跑步鞋休闲板鞋鞋子男', '春夏秋冬都HOLD住 品质爆款', '鞋靴 / 箱包 / 运动户外', '338.00', '1', '8764', '349', '069f9f5e51854360936193754a72eb87_yd3.jpg', '338.00', '178.00', '0.00', '32', '4.00', '2018-01-31 09:58:39', '2018-01-31 23:51:27'), ('68', '18', '【返场享6期免息】Huawei/华为 Mate 10 Pro 4G全网通智能手机', '四曲全面屏 AI芯片智慧识屏 徕卡双摄', '手机 / 数码 / 电脑办公', '5399.00', '0', '8734', '34', '526eea4283794c34b0203870b773d35a_sj1.jpg', '5399.00', '4453.00', '3872.00', '543', '4.00', '2018-01-31 10:06:36', '2018-01-31 23:51:27'), ('69', '19', '【樱粉金新色发售 享6期免息】Huawei/华为 nova 2s 全网通4G手机', '6英寸全面屏 2000万四镜头', '手机 / 数码 / 电脑办公', '3399.00', '1', '8434', '853', 'dc2830181b6142aea69966eca7b4d500_sj2.jpg', '3399.00', '3232.00', '984.00', '5433', '4.00', '2018-01-31 10:07:49', '2018-01-31 23:51:27'), ('70', '20', '当天发【12期分息送400礼】Huawei/华为 nova 2s全面屏手机nova2s', '顺丰当天发 保修两年 送碎屏险等咨询优惠', '手机 / 数码 / 电脑办公', '3399.00', '1', '4738', '390', '3261da3d19cc4fbc9d258471c98d14b2_sj3.jpg', '3399.00', '3323.00', '346.00', '423', '4.00', '2018-01-31 10:09:00', '2018-01-31 23:51:27'), ('71', '21', '华为nova2s[12期免息]Huawei/华为 nova 2s全网通全面屏手机新品', '顺丰包邮 送一堆高品质赠品！', '手机 / 数码 / 电脑办公', '3399.00', '1', '5423', '859', '04b3c9ce2b4642e6ba6e97ba8d6ff2fb_sj4.jpg', '3399.00', '3288.00', '632.00', '323', '4.00', '2018-01-31 10:10:17', '2018-01-31 23:51:27'), ('72', '22', '【蚂蚁摄影】 Canon/佳能EOS 77D 单机单反数码相机 WIFI', '17年新品单反 带高端肩屏', '手机 / 数码 / 电脑办公', '4999.00', '0', '18732', '325', '192bf49daa404305831f6e6318e27076_sm1.jpg', '4999.00', '4799.00', '0.00', '2343', '4.00', '2018-01-31 10:11:26', '2018-01-31 23:51:27'), ('73', '23', '[旗舰店]Canon/佳能 EOS 77D 机身', '强劲的双套对焦系统 高速高精度对焦', '手机 / 数码 / 电脑办公', '5799.00', '1', '7941', '346', 'e27f928ad1d64c62995ed2dc12671659_sm2.jpg', '5799.00', '5799.00', '0.00', '322', '4.00', '2018-01-31 10:12:26', '2018-01-31 23:51:27'), ('74', '24', 'Canon/佳能750D套机蚂蚁摄影18-55入门级EOS数码高清旅游单反相机', '到手3999元，热销超7000台', '手机 / 数码 / 电脑办公', '4999.00', '1', '9734', '875', '45e15e06f03044929a509e062f1ade66_sm3.jpg', '4999.00', '3999.00', '0.00', '4999', '4.00', '2018-01-31 10:13:58', '2018-01-31 23:51:27'), ('75', '25', '职员办公桌简约现代桌椅组合电脑四人位4屏风工作6工位办公室家具', '厂家直销！大量现货！终身质保！极速发货！', '手机 / 数码 / 电脑办公', '3800.00', '0', '3435', '437', '1a5dd7e6e23a49de936972bd6aacde47_bg1.jpg', '3800.00', '2498.00', '753.00', '232', '4.00', '2018-01-31 10:15:01', '2018-01-31 23:51:27'), ('76', '26', '办公桌4人位简约办公家具6人位员工桌卡位职员桌椅组合电脑桌', '厂家直销 性价比高 品质保证 售后无忧', '手机 / 数码 / 电脑办公', '2488.00', '1', '9764', '357', '00274d79ab174d739a38810f53633c56_bg2.jpg', '2488.00', '2200.00', '374.00', '423', '4.00', '2018-01-31 10:15:59', '2018-01-31 23:51:27'), ('77', '8', '白雪PVR-155直液式走珠笔学生考试笔办公中性笔水性笔签字笔12支', '全国包邮', '手机 / 数码 / 电脑办公', '15.00', '1', '5285', '245', '3c06561e77994f15a1a91cda56448242_bg3.jpg', '15.00', '12.80', '398.00', '543', '4.00', '2018-01-31 10:16:58', '2018-02-01 09:03:19'), ('78', '9', '英雄宝珠商务水性高档签字金属中性笔学生用送礼办公定制LOGO刻字', '英雄宝珠商务水性高档签字金属中性笔学生用送礼办公定制LOGO刻字\n', '手机 / 数码 / 电脑办公', '109.00', '0', '10431', '347', '4da5f02a925a4453890cbd206fb643d1_bg4.jpg', '109.00', '100.00', '976.00', '323', '4.00', '2018-01-31 10:19:06', '2018-02-01 09:03:10'), ('79', '10', 'King Hope Audio KH kt-89家庭影院音响套装家用客厅5.1电视音箱', '全铝合金工艺数字无损 落地壁挂台式可选\n', '家用电器 / 汽车用品', '3680.00', '1', '3483', '45', '5f5244a0115445898f520b780dc7fd29_jd1.jpg', '3680.00', '1680.00', '730.00', '433', '4.00', '2018-01-31 10:22:12', '2018-01-31 23:51:27'), ('80', '11', '利仁233A电火火锅家用多用能电热炒锅电煮饭锅2人-4人厨房电器', '真正三挡调温 进口不粘涂层 断电全身水洗', '家用电器 / 汽车用品', '199.00', '1', '9074', '348', '612f281ab9cb46bcb272b92835b207fb_jd2.jpg', '199.00', '109.00', '438.00', '433', '4.00', '2018-01-31 10:25:57', '2018-01-31 23:51:27'), ('81', '12', '宝工热风机 工业暖风机大功率取暖器厂房车间取暖3000W家用浴室', '工厂养殖适用 升温快 冷暖两用', '家用电器 / 汽车用品', '1316.00', '1', '7394', '340', '74913e9544ce45f18f09ecf150227125_jd3.jpg', '1316.00', '818.00', '498.00', '565', '4.00', '2018-01-31 10:28:04', '2018-01-31 23:51:27'), ('82', '13', '宝工工业暖风机大功率 3000w大棚养殖场用热风机家用取暖器220V', '钜惠40元 还送插头', '家用电器 / 汽车用品', '2288.00', '0', '10394', '458', 'db1b094b642449649aa797edc61a49b3_jd5.jpg', '2288.00', '688.00', '908.00', '232', '4.00', '2018-01-31 10:31:54', '2018-01-31 23:51:27'), ('83', '14', '保赐利汽车橡塑胶保护剂车窗润滑剂橡胶条塑料件养护剂门窗润滑剂', '车窗润滑 防龟裂防潮 操作简单', '家用电器 / 汽车用品', '62.00', '1', '10793', '984', '912eae03db1a4e76a19b05cce76125f0_qc1.jpg', '62.00', '62.00', '1209.00', '322', '4.00', '2018-01-31 10:32:56', '2018-01-31 23:51:27'), ('84', '15', '车载充气床汽车用品床垫后排旅行床轿车中后座SUV睡垫气垫车震床', '抗寒保暖 买一送七', '家用电器 / 汽车用品', '538.00', '0', '9790', '346', '16b7d592ec4d428898e54d1b760d8270_qc2.jpg', '538.00', '538.00', '390.00', '23', '4.00', '2018-01-31 10:33:49', '2018-01-31 23:51:27'), ('85', '16', '创意汽车用纸巾盒抽车载车内车上天窗遮阳板挂式抽纸盒餐巾纸抽盒', '超强质感 做工精细 简约实用', '家用电器 / 汽车用品', '39.00', '1', '8709', '967', 'f17ede2bd1644122bbcafab96ac035fd_qc3.jpg', '39.00', '25.00', '693.00', '23', '4.00', '2018-01-31 10:35:43', '2018-01-31 23:51:27'), ('86', '17', '汽车掸子刷车拖把擦车扫灰除尘工具车用洗车神器蜡拖清洁用品刷子', '杆能伸缩 毛套可拆质感细腻柔软擦车无刮痕', '家用电器 / 汽车用品', '116.00', '0', '8604', '438', '2cb6671008f94f109112fd49d86e2f2c_qc4.jpg', '116.00', '58.00', '640.00', '322', '4.00', '2018-01-31 10:39:19', '2018-02-01 09:02:15'), ('87', '18', '欧亚竹炭包汽车用除甲醛除异味活性炭新车去味用品车内除味剂碳包', '汽车除醛 长效去味 领券更优惠', '家用电器 / 汽车用品', '268.00', '1', '9103', '850', '937b22b309284180aa68ad0676bdea55_qc5.jpg', '268.00', '55.00', '421.00', '753', '4.00', '2018-01-31 10:40:17', '2018-01-31 23:51:27'), ('88', '19', '家庭急救箱特大号小号铝合金医药箱多层医要箱家用医疗出诊医薬箱', '环保材质 密封防潮 正规发票 售后无忧', '医药 / 保健滋补', '236.00', '0', '10723', '846', 'c4abf740cb4743fe9ac2b592c78b072b_yy1.jpg', '236.00', '149.00', '962.00', '343', '4.00', '2018-01-31 10:41:41', '2018-01-31 23:51:27'), ('89', '20', '家用家庭医药箱多层出诊要箱儿童大小号急救药箱医疗用品便携薬箱', '新重磅发布', '医药 / 保健滋补', '289.00', '1', '1783', '34', '9dffbd83ad3e48a3b9a6c3797c8c736c_yy2.jpg', '289.00', '209.00', '398.00', '3232', '4.00', '2018-01-31 10:46:46', '2018-01-31 23:51:27'), ('90', '21', '医药箱急救箱出诊箱抢救箱铝合金家用应急多层收纳归置便携', '大容量便携铝合金出诊箱医药箱，厂家直销！', '医药 / 保健滋补', '68.30', '0', '9422', '543', 'b0bda8eb6fa84226954253bad5aff74f_yy3.jpg', '68.30', '68.30', '2029.00', '233', '4.00', '2018-01-31 10:49:27', '2018-01-31 23:51:27'), ('91', '22', '家庭医药箱多层急救医疗用品收纳医要箱便携出诊薬箱儿童小药箱', '超大容量 环保材质 无毒无味 全国包邮', '医药 / 保健滋补', '289.00', '1', '10087', '438', 'c51314e101f7491ba64110fc151b457d_yy4.jpg', '289.00', '229.00', '341.00', '3342', '4.00', '2018-01-31 10:55:09', '2018-01-31 23:51:27'), ('92', '23', '家用铝合金多层小药箱家庭收纳医药箱密码锁儿童急救箱医疗出诊箱', '新款密码锁 结实牢固 使用更加方便', '医药 / 保健滋补', '212.00', '1', '9872', '459', 'e54bc94a7ca340ee95984ab9865eb8d1_yy5.jpg', '212.00', '212.00', '203.00', '2323', '4.00', '2018-01-31 10:56:00', '2018-01-31 23:51:27'), ('93', '24', '【买2送1】姿美堂玛卡片玛咖精片黑玛咖片正品成人男性MACA', '买2送1 热销98万瓶秘鲁玛咖', '医药 / 保健滋补', '588.00', '0', '10329', '347', '35a21c4d9fd44d3ea9b36310629fc6e9_bj1.jpg', '588.00', '69.90', '864.00', '2323', '4.00', '2018-01-31 10:57:10', '2018-01-31 23:51:27'), ('94', '25', '人初油男用喷剂印度神油湿巾男性情趣男士性保健性用品成人用品延', '人初油金装加强版 官方授权 可查防伪', '医药 / 保健滋补', '139.00', '1', '17832', '435', 'fe40841cfc4443949b5270b416d4acbc_bj2.jpg', '139.00', '79.90', '493.00', '3433', '4.00', '2018-01-31 10:59:51', '2018-01-31 23:51:27'), ('95', '26', '黛圣婕泰国乳胶枕头一对天然橡胶枕芯记忆保健枕成人护颈椎枕头单', '内芯防螨 泰国进口乳胶 呵护颈椎', '医药 / 保健滋补', '299.00', '1', '87033', '3458', '887b558d462944d3b036283f7ab2b56a_bj3.jpg', '299.00', '189.90', '324.00', '2323', '4.00', '2018-01-31 11:02:16', '2018-01-31 23:51:27'), ('96', '8', 'KEY劲能液印度神油男用喷剂不麻木湿巾男人硬速硬情趣保健性用品', '中西结合 安全不麻木 顺丰保密加急', '医药 / 保健滋补', '999.00', '1', '75323', '8546', 'a4e5f1ab7f71415ea872ca70955d9ae7_bj4.jpg', '999.00', '599.00', '290.00', '232', '4.00', '2018-01-31 11:03:05', '2018-02-01 10:32:56'), ('97', '9', '人初油男用喷剂印度神油', '人初油男用喷剂印度神油', '医药 / 保健滋补', '198.00', '0', '102235', '9340', 'df073444f1dc44f0a90b1fe21cc71944_bj5.jpg', '198.00', '79.00', '108.00', '3232', '4.00', '2018-01-31 11:04:25', '2018-02-01 10:06:47'), ('98', '10', '销售书籍畅销书 如何说客户才会听 怎样听客户才肯说', '先询问,再倾听，是发掘客户需求的两个步骤', '图书', '36.80', '1', '14320', '348', '8f50c1cf1579490099e385ba32d3d39f_sj1.jpg', '36.80', '26.90', '382.00', '23232', '4.00', '2018-01-31 11:08:15', '2018-01-31 23:51:27'), ('99', '11', '正版现货包邮 经典童书 夏洛的网任溶溶', '新华书店正版 70%城市 次日达', '图书', '16.90', '1', '97133', '9084', '3cd2cc56c289449a91d046d885fabdc7_sj2.jpg', '16.90', '16.50', '290.00', '232', '4.00', '2018-01-31 11:10:20', '2018-02-01 13:51:34'), ('100', '12', '时代广场的蟋蟀 乔治塞尔登著 不老泉文库', '学校指定 博库网 新华正版书籍', '图书', '13.50', '0', '19376', '483', '654fa11c39da44108c83c02809b08c28_sj3.jpg', '13.50', '13.50', '832.00', '3232', '4.00', '2018-01-31 14:13:00', '2018-02-01 10:22:54'), ('101', '13', '【心理学书籍全6册】正版包邮 人际交往心理学', '心理学经典作品', '图书', '178.80', '1', '93234', '4308', '95fc8d678a2c4ebcb5e0ec4192f20b43_sj4.jpg', '178.80', '45.00', '234.00', '2322', '4.00', '2018-01-31 14:13:59', '2018-02-01 11:02:09'), ('102', '14', '正版全4册 将来的你一定会感谢现在拼命的自己', '迷茫励志新书（4册）', '图书', '128.80', '1', '98303', '9800', 'c694dce5942e4f7c8ae861bed14990bb_sj5.jpg', '128.80', '36.80', '764.00', '232', '4.00', '2018-01-31 14:14:49', '2018-01-31 23:51:27'), ('103', '15', '安徒生 格林童话彩图注音版 一千零一夜全集伊索寓言', '全套8册 只需24.8元', '图书', '67.20', '1', '67336', '4331', '62cfbaa6ed234817aadbe2247c7a626d_sj6.jpg', '67.20', '45.00', '234.00', '22', '4.60', '2018-01-31 14:16:30', '2018-02-01 09:58:13');
COMMIT;

-- ----------------------------
--  Table structure for `scan_tag`
-- ----------------------------
DROP TABLE IF EXISTS `scan_tag`;
CREATE TABLE `scan_tag` (
  `id` int(9) NOT NULL AUTO_INCREMENT,
  `userId` int(9) DEFAULT NULL COMMENT '关联主账户',
  `tag` varchar(255) COLLATE utf8_bin DEFAULT NULL COMMENT '产品标签',
  `amount` int(9) DEFAULT NULL COMMENT '浏览次数',
  `createTime` timestamp NULL DEFAULT CURRENT_TIMESTAMP,
  `updateTime` timestamp NULL DEFAULT CURRENT_TIMESTAMP ON UPDATE CURRENT_TIMESTAMP,
  PRIMARY KEY (`id`)
) ENGINE=InnoDB AUTO_INCREMENT=11 DEFAULT CHARSET=utf8 COLLATE=utf8_bin;

-- ----------------------------
--  Records of `scan_tag`
-- ----------------------------
BEGIN;
INSERT INTO `scan_tag` VALUES ('1', '1', '家用电器 / 汽车用品', '2', '2018-02-01 09:01:33', '2018-02-01 09:02:15'), ('2', '2', '鞋靴 / 箱包 / 运动户外', '1', '2018-02-01 09:03:00', '2018-02-01 09:03:00'), ('3', '2', '手机 / 数码 / 电脑办公', '2', '2018-02-01 09:03:10', '2018-02-01 09:03:19'), ('4', '2', '母婴 / 玩具 / 童装', '5', '2018-02-01 09:45:55', '2018-02-01 10:10:38'), ('5', '2', '家居 / 家纺 / 家装', '1', '2018-02-01 09:47:18', '2018-02-01 09:47:18'), ('6', '2', '宠物 / 纸巾 / 厨卫清洁', '1', '2018-02-01 09:48:54', '2018-02-01 09:48:54'), ('7', '2', '图书', '5', '2018-02-01 09:57:27', '2018-02-01 09:58:13'), ('8', '2', '医药 / 保健滋补', '4', '2018-02-01 09:58:16', '2018-02-01 10:06:47'), ('9', '2', '食品 / 酒 / 生鲜', '3', '2018-02-01 09:59:43', '2018-02-01 10:01:46'), ('10', '1', '图书', '1', '2018-02-01 11:02:09', '2018-02-01 11:02:09');
COMMIT;

-- ----------------------------
--  Table structure for `shop`
-- ----------------------------
DROP TABLE IF EXISTS `shop`;
CREATE TABLE `shop` (
  `id` int(9) NOT NULL AUTO_INCREMENT,
  `productId` int(9) DEFAULT NULL COMMENT '关联产品id',
  `userId` int(9) DEFAULT NULL COMMENT '关联用户id',
  `createTime` timestamp NULL DEFAULT CURRENT_TIMESTAMP,
  `updateTime` timestamp NULL DEFAULT CURRENT_TIMESTAMP ON UPDATE CURRENT_TIMESTAMP,
  PRIMARY KEY (`id`)
) ENGINE=InnoDB AUTO_INCREMENT=9 DEFAULT CHARSET=utf8;

-- ----------------------------
--  Records of `shop`
-- ----------------------------
BEGIN;
INSERT INTO `shop` VALUES ('1', '1', '1', '2018-01-31 18:14:18', '2018-01-31 18:21:40'), ('2', '103', '1', '2018-01-31 21:53:31', '2018-01-31 21:53:31'), ('3', '103', '2', '2018-01-31 21:54:08', '2018-01-31 21:54:08'), ('4', '102', '1', '2018-01-31 21:54:50', '2018-01-31 21:54:50'), ('5', '101', '1', '2018-01-31 21:54:55', '2018-01-31 21:54:55'), ('7', '73', '1', '2018-01-31 22:24:51', '2018-01-31 22:24:51'), ('8', '48', '1', '2018-01-31 22:25:10', '2018-01-31 22:25:10');
COMMIT;

-- ----------------------------
--  Table structure for `user_info`
-- ----------------------------
DROP TABLE IF EXISTS `user_info`;
CREATE TABLE `user_info` (
  `id` int(9) NOT NULL AUTO_INCREMENT,
  `nick` varchar(255) COLLATE utf8_bin DEFAULT NULL COMMENT '用户名、昵称',
  `password` varchar(255) COLLATE utf8_bin DEFAULT NULL COMMENT '密码',
  `phone` varchar(255) COLLATE utf8_bin DEFAULT NULL COMMENT '手机号',
  `email` varchar(255) COLLATE utf8_bin DEFAULT NULL COMMENT '邮箱',
  `type` varchar(255) COLLATE utf8_bin DEFAULT NULL COMMENT '用户类型(0-普通客户，1-商户)',
  `companyPrice` decimal(16,2) DEFAULT NULL COMMENT '公司营业额',
  `companyName` varchar(255) COLLATE utf8_bin DEFAULT NULL COMMENT '公司名称',
  `companyAddress` varchar(255) COLLATE utf8_bin DEFAULT NULL COMMENT '公司地址',
  `linkName` varchar(255) COLLATE utf8_bin DEFAULT NULL COMMENT '公司联系人',
  `telPhone` varchar(255) COLLATE utf8_bin DEFAULT NULL COMMENT '座机号码',
  `harvestPeople` varchar(255) COLLATE utf8_bin DEFAULT NULL COMMENT '收货人',
  `harvestAddress` varchar(255) COLLATE utf8_bin DEFAULT NULL COMMENT '收货地址',
  `createTime` timestamp NULL DEFAULT CURRENT_TIMESTAMP,
  `updateTime` timestamp NULL DEFAULT CURRENT_TIMESTAMP ON UPDATE CURRENT_TIMESTAMP,
  PRIMARY KEY (`id`)
) ENGINE=InnoDB AUTO_INCREMENT=27 DEFAULT CHARSET=utf8 COLLATE=utf8_bin;

-- ----------------------------
--  Records of `user_info`
-- ----------------------------
BEGIN;
INSERT INTO `user_info` VALUES ('1', '王元', '123456', '18753762342', 'aaa62534@163.com', '0', null, null, null, null, null, '王元', '天津市河西区大沽南路', '2018-01-29 14:38:51', '2018-01-29 18:21:48'), ('2', '张安', '123456', '15649872332', '878432nj@qq.com', '0', null, null, null, null, null, '张安', '天津市南开区', '2018-01-29 14:41:54', '2018-01-29 18:40:46'), ('3', '耿含', '123456', '13876236475', '435432@163.com', '0', null, null, null, null, null, null, null, '2018-01-29 14:43:44', '2018-01-29 14:43:44'), ('4', '熊广昌', '123456', '15546789873', 'xgc24432@163.com', '0', null, null, null, null, null, null, null, '2018-01-29 14:50:41', '2018-01-29 14:50:41'), ('5', '张雯', '123456', '18964322347', 'kikiki@163.com', '0', null, null, null, null, null, null, null, '2018-01-29 14:54:01', '2018-01-29 14:54:01'), ('6', '李丽', '123456', '15648767988', 'lili187432163.com', '0', null, null, null, null, null, null, null, '2018-01-29 14:57:23', '2018-01-29 14:57:23'), ('7', '黄荣', '123456', '13698439434', '542542hr@163.com', '0', null, null, null, null, null, null, null, '2018-01-29 14:59:57', '2018-01-29 14:59:57'), ('8', '寒光化妆品淘宝店', '123456', '13688772323', 'hgtaobao@163.com', '1', '0.00', '寒光化妆品集团', '杭州市仙桥去', '黄先生', '022-98784332', null, null, '2018-01-29 15:00:40', '2018-01-29 22:27:15'), ('9', 'YES 叶子自制', '123456', '18764984324', 'yezi8888@163.com', '1', '0.00', '叶子科技有限公司', '重庆市渝北区', '黄志奥', '022-30424423', null, null, '2018-01-29 15:02:40', '2018-01-29 22:34:17'), ('10', 'MOGU蘑菇时尚小铺', '123456', '15892343242', 'mogu87432@163.com', '1', '255.00', null, null, null, null, null, null, '2018-01-29 15:14:06', '2018-01-31 22:32:38'), ('11', '依梦星语', '123456', '15576733422', 'ymxy8432@163.com', '1', '0.00', null, null, null, null, null, null, '2018-01-29 15:14:06', '2018-01-29 22:27:18'), ('12', '波司登正品体验店', '123456', '13523456337', 'bsdlogin@163.com', '1', '0.00', null, null, null, null, null, null, '2018-01-29 15:14:06', '2018-01-29 22:27:19'), ('13', ' 雨虹服饰商城', '123456', '13385433584', '34254328@qq.com', '1', '0.00', null, null, null, null, null, null, '2018-01-29 15:14:06', '2018-01-29 22:27:20'), ('14', '贡丸小姐日本宠物', '123456', '15985356323', '89898999@qq.com', '1', '0.00', null, null, null, null, null, null, '2018-01-29 15:14:06', '2018-01-29 22:27:20'), ('15', '叮叮宠物店', '123456', '15823575335', 'riisisf@163.com', '1', '0.00', null, null, null, null, null, null, '2018-01-29 15:14:06', '2018-01-29 22:27:21'), ('16', '乖狗狗萌猫猫', '123456', '13457865468', '9843232jj@126.com', '1', '0.00', null, null, null, null, null, null, '2018-01-29 15:14:06', '2018-01-29 22:27:24'), ('17', '弘韵进口零食商城', '123456', '15932467953', 'faakk887@126.com', '1', '0.00', null, null, null, null, null, null, '2018-01-29 15:14:06', '2018-01-29 22:27:25'), ('18', '金冠馋嘴屋吃货之家 进口零食', '123456', '15827943674', 'kiokfos342@126.com', '1', '0.00', null, null, null, null, null, null, '2018-01-29 15:14:06', '2018-01-29 22:27:26'), ('19', '町田零食', '123456', '15898794567', 'jkkksss878@163.com', '1', '0.00', null, null, null, null, null, null, '2018-01-29 15:14:06', '2018-01-29 22:27:27'), ('20', '食全食美零食商城', '123456', '13628567468', '98773334@qq.com', '1', '0.00', null, null, null, null, null, null, '2018-01-29 15:14:06', '2018-01-29 22:27:29'), ('21', '丽小姐一号店', '123456', '13693257843', '7843244443@qq.com', '1', '0.00', null, null, null, null, null, null, '2018-01-29 15:14:06', '2018-01-29 22:27:35'), ('22', '觅糖装饰装修设计公司', '123456', '15963634684', 'nnm8888@163.com', '1', '0.00', null, null, null, null, null, null, '2018-01-29 15:14:06', '2018-01-29 22:27:36'), ('23', 'TDCdesign', '123456', '15586332468', '9898783723@qq.com', '1', '0.00', null, null, null, null, null, null, '2018-01-29 15:14:06', '2018-01-29 22:27:37'), ('24', '搭窝监理服务官方店', '123456', '15697232453', 'dffkffew@163.com', '1', '0.00', null, null, null, null, null, null, '2018-01-29 15:14:06', '2018-01-29 22:27:38'), ('25', '妙成旗舰店', '123456', '15844226743', 'mcqjd1234@163.com', '1', '0.00', null, null, null, null, null, null, '2018-01-29 22:28:43', '2018-01-29 22:28:43'), ('26', '杰米高旗舰店', '123456', '123456', 'jmgojjd888@163.com', '1', '0.00', null, null, null, null, null, null, '2018-01-29 22:31:40', '2018-01-29 22:31:40');
COMMIT;

SET FOREIGN_KEY_CHECKS = 1;
